{
    "instances/be75eec.mat": [
        50,
        0.23213844000000003,
        0.11578679999999997
    ],
    "instances/stabu1.mat": [
        60,
        0.23178941999999997,
        0.1881344199999999
    ],
    "instances/stabu2.mat": [
        60,
        0.20136342000000002,
        0.19722244
    ],
    "instances/stabu3.mat": [
        60,
        0.24369113999999997,
        0.18204968000000007
    ],
    "instances/t59b11xx.mat": [
        44,
        0.17138047999999984,
        0.07679188000000003
    ],
    "instances/t59d11xx.mat": [
        44,
        0.15563688000000014,
        0.0752333199999999
    ],
    "instances/t59f11xx.mat": [
        44,
        0.14602272000000022,
        0.07916832000000014
    ],
    "instances/t59i11xx.mat": [
        44,
        0.17189721999999996,
        0.07961951999999997
    ],
    "instances/t59n11xx.mat": [
        44,
        0.11057924000000022,
        0.07655949999999975
    ],
    "instances/t65b11xx.mat": [
        44,
        0.09821065999999981,
        0.07689506000000038
    ],
    "instances/t65d11xx.mat": [
        44,
        0.1345211599999999,
        0.0714884000000005
    ],
    "instances/t65f11xx.mat": [
        44,
        0.12241398000000032,
        0.06766099999999967
    ],
    "instances/t65i11xx.mat": [
        44,
        0.13750853999999962,
        0.06859672000000003
    ],
    "instances/t65l11xx.mat": [
        44,
        0.20146038000000033,
        0.0789870999999998
    ],
    "instances/t65n11xx.mat": [
        44,
        0.13106044000000025,
        0.08527948000000052
    ],
    "instances/t65w11xx.mat": [
        44,
        0.10156244,
        0.06485871999999944
    ],
    "instances/t69r11xx.mat": [
        44,
        0.15690631999999952,
        0.08066361999999998
    ],
    "instances/t70b11xx.mat": [
        44,
        0.10930758000000011,
        0.07677649999999972
    ],
    "instances/t70d11xn.mat": [
        44,
        0.09696092000000008,
        0.07633979999999951
    ],
    "instances/t70d11xx.mat": [
        44,
        0.14012244000000038,
        0.0759808200000002
    ],
    "instances/t70f11xx.mat": [
        44,
        0.10783997999999997,
        0.0686538800000001
    ],
    "instances/t70i11xx.mat": [
        44,
        0.13083712000000033,
        0.07947434000000016
    ],
    "instances/t70k11xx.mat": [
        44,
        0.1155853399999998,
        0.0690998999999998
    ],
    "instances/t70l11xx.mat": [
        44,
        0.1807052800000001,
        0.0807279599999994
    ],
    "instances/t70n11xx.mat": [
        44,
        0.11618762000000019,
        0.06480609999999984
    ],
    "instances/t70u11xx.mat": [
        44,
        0.17990984000000054,
        0.0832818599999996
    ],
    "instances/t70w11xx.mat": [
        44,
        0.11453288000000014,
        0.08485054000000077
    ],
    "instances/t70x11xx.mat": [
        44,
        0.10535116000000073,
        0.0853180800000004
    ],
    "instances/t74d11xx.mat": [
        44,
        0.1243302199999988,
        0.08293247999999949
    ],
    "instances/t75d11xx.mat": [
        44,
        0.1256933200000006,
        0.07640624000000003
    ],
    "instances/t75e11xx.mat": [
        44,
        0.11341371999999979,
        0.07430460000000068
    ],
    "instances/t75i11xx.mat": [
        44,
        0.1275340600000007,
        0.09278692000000036
    ],
    "instances/t75k11xx.mat": [
        44,
        0.15075914000000096,
        0.07495177999999925
    ],
    "instances/t75n11xx.mat": [
        44,
        0.13631574000000057,
        0.08506406000000055
    ],
    "instances/t75u11xx.mat": [
        44,
        0.1757386799999992,
        0.0843106199999994
    ],
    "instances/tiw56n54.mat": [
        56,
        0.19502178000000042,
        0.1840073200000006
    ],
    "instances/tiw56n58.mat": [
        56,
        0.23571792000000044,
        0.17520069999999918
    ],
    "instances/tiw56n62.mat": [
        56,
        0.20239751999999953,
        0.17023164000000007
    ],
    "instances/tiw56n66.mat": [
        56,
        0.20475224000000053,
        0.1674881400000004
    ],
    "instances/tiw56n67.mat": [
        56,
        0.2121615399999996,
        0.1607084399999991
    ],
    "instances/tiw56n72.mat": [
        56,
        0.15773626000000007,
        0.17831184000000064
    ],
    "instances/tiw56r54.mat": [
        56,
        0.2119679199999993,
        0.1732203400000003
    ],
    "instances/tiw56r58.mat": [
        56,
        0.2098819800000001,
        0.16279558000000094
    ],
    "instances/tiw56r66.mat": [
        56,
        0.20974766000000072,
        0.17565758000000073
    ],
    "instances/tiw56r67.mat": [
        56,
        0.15388427999999976,
        0.18387783999999954
    ],
    "instances/tiw56r72.mat": [
        56,
        0.17530217999999992,
        0.1546386400000003
    ]
}