{
    "instances/t70x11xx.mat": [
        44,
        [
            7.275723669998115,
            0.5706019869976444
        ]
    ],
    "instances/t74d11xx.mat": [
        44,
        [
            7.207984518994635,
            0.3970290979996207
        ]
    ],
    "instances/t70u11xx.mat": [
        44,
        [
            5.578613181998662,
            0.30555723200086504
        ]
    ],
    "instances/stabu2.mat": [
        60,
        [
            25.178094613998837,
            1.2063179590040818
        ]
    ],
    "instances/t65f11xx.mat": [
        44,
        [
            6.305895825003972,
            0.5099800070020137
        ]
    ],
    "instances/stabu1.mat": [
        60,
        [
            26.859815163996245,
            1.058043892000569
        ]
    ],
    "instances/tiw56r67.mat": [
        56,
        [
            17.96354063200124,
            0.9156779479963006
        ]
    ],
    "instances/tiw56n62.mat": [
        56,
        [
            18.858285373993567,
            0.6941296949953539
        ]
    ],
    "instances/t59f11xx.mat": [
        44,
        [
            4.566901726000651,
            0.4138164219984901
        ]
    ],
    "instances/stabu3.mat": [
        60,
        [
            25.45448595900234,
            1.0156902160015306
        ]
    ],
    "instances/tiw56r72.mat": [
        56,
        [
            16.790895409998484,
            0.6336109399999259
        ]
    ],
    "instances/t65w11xx.mat": [
        44,
        [
            6.770443654000701,
            0.6119341670055292
        ]
    ],
    "instances/t59d11xx.mat": [
        44,
        [
            5.496844608001993,
            0.4064703260009992
        ]
    ],
    "instances/t70l11xx.mat": [
        44,
        [
            4.866830459999619,
            0.5273066590016242
        ]
    ],
    "instances/t65d11xx.mat": [
        44,
        [
            6.111138699001458,
            0.5227752179998788
        ]
    ],
    "instances/tiw56n54.mat": [
        56,
        [
            17.650020982997376,
            0.7886196059989743
        ]
    ],
    "instances/t70i11xx.mat": [
        44,
        [
            7.50439194199862,
            0.4517461479990743
        ]
    ],
    "instances/tiw56r54.mat": [
        56,
        [
            17.577266437001526,
            0.8084540130003006
        ]
    ],
    "instances/t75d11xx.mat": [
        44,
        [
            6.630077428002551,
            0.37572542700218037
        ]
    ],
    "instances/tiw56r58.mat": [
        56,
        [
            17.504391877999296,
            0.7824111570007517
        ]
    ],
    "instances/t65l11xx.mat": [
        44,
        [
            4.5258397799989325,
            0.5693068600012339
        ]
    ],
    "instances/t59b11xx.mat": [
        44,
        [
            5.852535245998297,
            0.5474735309981043
        ]
    ],
    "instances/t59i11xx.mat": [
        44,
        [
            5.238501587002247,
            0.45507022899982985
        ]
    ],
    "instances/t65n11xx.mat": [
        44,
        [
            6.116302182999789,
            0.5002240629983135
        ]
    ],
    "instances/t75e11xx.mat": [
        44,
        [
            7.301797740998154,
            0.5086272850021487
        ]
    ],
    "instances/t75n11xx.mat": [
        44,
        [
            6.474821379000787,
            0.4628783539956203
        ]
    ],
    "instances/tiw56n58.mat": [
        56,
        [
            16.90647533999436,
            1.0172701609990327
        ]
    ],
    "instances/t70b11xx.mat": [
        44,
        [
            6.207060246000765,
            0.41510346800350817
        ]
    ],
    "instances/t70d11xn.mat": [
        44,
        [
            6.7586917449953035,
            0.4731922869978007
        ]
    ],
    "instances/t69r11xx.mat": [
        44,
        [
            5.272533152005053,
            0.3274051519983914
        ]
    ],
    "instances/tiw56n66.mat": [
        56,
        [
            18.38802234800096,
            0.7576476370013552
        ]
    ],
    "instances/t65i11xx.mat": [
        44,
        [
            6.19469224599743,
            0.4790982720005559
        ]
    ],
    "instances/t70k11xx.mat": [
        44,
        [
            7.03432695200172,
            0.6775196149974363
        ]
    ],
    "instances/t65b11xx.mat": [
        44,
        [
            6.378942670999095,
            0.41330406600172864
        ]
    ],
    "instances/tiw56n67.mat": [
        56,
        [
            18.247218715994677,
            0.7688120329985395
        ]
    ],
    "instances/t59n11xx.mat": [
        44,
        [
            5.332649460004177,
            0.44288777399924584
        ]
    ],
    "instances/t70w11xx.mat": [
        44,
        [
            6.707030917998054,
            0.6282239270003629
        ]
    ],
    "instances/tiw56r66.mat": [
        56,
        [
            19.511544294997293,
            0.744434549997095
        ]
    ],
    "instances/t70n11xx.mat": [
        44,
        [
            7.126846733001003,
            0.6136931660003029
        ]
    ],
    "instances/tiw56n72.mat": [
        56,
        [
            18.132283334998647,
            0.8565578339985223
        ]
    ],
    "instances/t75i11xx.mat": [
        44,
        [
            6.065135790995555,
            0.42121423999924446
        ]
    ],
    "instances/t70d11xx.mat": [
        44,
        [
            6.974819543997,
            0.5337837949991808
        ]
    ],
    "instances/t75k11xx.mat": [
        44,
        [
            6.363836930002435,
            0.3164545600011479
        ]
    ],
    "instances/t75u11xx.mat": [
        44,
        [
            6.524683646995982,
            0.4733943400060525
        ]
    ],
    "instances/t70f11xx.mat": [
        44,
        [
            6.716280961998564,
            0.659117436996894
        ]
    ]
}